endpoint_id,user_id,hostname,asset_criticality,business_unit
endpoint_0001,user_0350,synthetic-host-0001,medium,Support
endpoint_0002,user_0050,synthetic-host-0002,low,Security
endpoint_0003,user_0377,synthetic-host-0003,high,Finance
endpoint_0004,user_0054,synthetic-host-0004,high,Platform
endpoint_0005,user_0026,synthetic-host-0005,medium,Sales
endpoint_0006,user_0058,synthetic-host-0006,medium,Support
endpoint_0007,user_0230,synthetic-host-0007,low,Finance
endpoint_0008,user_0310,synthetic-host-0008,critical,Finance
endpoint_0009,user_0204,synthetic-host-0009,high,Sales
endpoint_0010,user_0061,synthetic-host-0010,critical,Support
endpoint_0011,user_0100,synthetic-host-0011,medium,Sales
endpoint_0012,user_0427,synthetic-host-0012,low,Platform
endpoint_0013,user_0482,synthetic-host-0013,low,Support
endpoint_0014,user_0378,synthetic-host-0014,low,Support
endpoint_0015,user_0052,synthetic-host-0015,low,Sales
endpoint_0016,user_0410,synthetic-host-0016,low,Platform
endpoint_0017,user_0346,synthetic-host-0017,critical,Sales
endpoint_0018,user_0264,synthetic-host-0018,low,Platform
endpoint_0019,user_0072,synthetic-host-0019,low,Sales
endpoint_0020,user_0499,synthetic-host-0020,high,Sales
endpoint_0021,user_0222,synthetic-host-0021,medium,Sales
endpoint_0022,user_0023,synthetic-host-0022,high,Platform
endpoint_0023,user_0105,synthetic-host-0023,medium,Platform
endpoint_0024,user_0201,synthetic-host-0024,high,Support
endpoint_0025,user_0032,synthetic-host-0025,medium,Platform
endpoint_0026,user_0162,synthetic-host-0026,medium,Finance
endpoint_0027,user_0235,synthetic-host-0027,high,Sales
endpoint_0028,user_0475,synthetic-host-0028,medium,Security
endpoint_0029,user_0044,synthetic-host-0029,medium,Finance
endpoint_0030,user_0289,synthetic-host-0030,medium,Finance
endpoint_0031,user_0458,synthetic-host-0031,low,Sales
endpoint_0032,user_0404,synthetic-host-0032,high,Support
endpoint_0033,user_0463,synthetic-host-0033,medium,Sales
endpoint_0034,user_0086,synthetic-host-0034,low,Sales
endpoint_0035,user_0401,synthetic-host-0035,low,Finance
endpoint_0036,user_0490,synthetic-host-0036,high,Platform
endpoint_0037,user_0164,synthetic-host-0037,medium,Finance
endpoint_0038,user_0250,synthetic-host-0038,medium,Support
endpoint_0039,user_0266,synthetic-host-0039,high,Support
endpoint_0040,user_0247,synthetic-host-0040,low,Support
endpoint_0041,user_0145,synthetic-host-0041,high,Security
endpoint_0042,user_0486,synthetic-host-0042,medium,Finance
endpoint_0043,user_0479,synthetic-host-0043,low,Security
endpoint_0044,user_0191,synthetic-host-0044,medium,Platform
endpoint_0045,user_0403,synthetic-host-0045,high,Security
endpoint_0046,user_0199,synthetic-host-0046,medium,Support
endpoint_0047,user_0398,synthetic-host-0047,medium,Finance
endpoint_0048,user_0293,synthetic-host-0048,medium,Finance
endpoint_0049,user_0236,synthetic-host-0049,medium,Security
endpoint_0050,user_0065,synthetic-host-0050,medium,Platform
endpoint_0051,user_0328,synthetic-host-0051,medium,Platform
endpoint_0052,user_0161,synthetic-host-0052,medium,Security
endpoint_0053,user_0109,synthetic-host-0053,low,Platform
endpoint_0054,user_0097,synthetic-host-0054,medium,Platform
endpoint_0055,user_0491,synthetic-host-0055,medium,Sales
endpoint_0056,user_0052,synthetic-host-0056,medium,Sales
endpoint_0057,user_0400,synthetic-host-0057,low,Finance
endpoint_0058,user_0434,synthetic-host-0058,medium,Security
endpoint_0059,user_0016,synthetic-host-0059,medium,Sales
endpoint_0060,user_0295,synthetic-host-0060,low,Finance
endpoint_0061,user_0289,synthetic-host-0061,low,Sales
endpoint_0062,user_0180,synthetic-host-0062,medium,Finance
endpoint_0063,user_0334,synthetic-host-0063,high,Platform
endpoint_0064,user_0205,synthetic-host-0064,low,Finance
endpoint_0065,user_0220,synthetic-host-0065,high,Finance
endpoint_0066,user_0216,synthetic-host-0066,medium,Platform
endpoint_0067,user_0401,synthetic-host-0067,high,Security
endpoint_0068,user_0317,synthetic-host-0068,medium,Security
endpoint_0069,user_0190,synthetic-host-0069,medium,Security
endpoint_0070,user_0464,synthetic-host-0070,medium,Security
endpoint_0071,user_0402,synthetic-host-0071,critical,Platform
endpoint_0072,user_0467,synthetic-host-0072,medium,Platform
endpoint_0073,user_0366,synthetic-host-0073,medium,Security
endpoint_0074,user_0196,synthetic-host-0074,medium,Platform
endpoint_0075,user_0387,synthetic-host-0075,high,Platform
endpoint_0076,user_0165,synthetic-host-0076,low,Sales
endpoint_0077,user_0136,synthetic-host-0077,medium,Sales
endpoint_0078,user_0226,synthetic-host-0078,medium,Support
endpoint_0079,user_0485,synthetic-host-0079,critical,Sales
endpoint_0080,user_0284,synthetic-host-0080,medium,Security
endpoint_0081,user_0192,synthetic-host-0081,medium,Sales
endpoint_0082,user_0231,synthetic-host-0082,critical,Support
endpoint_0083,user_0146,synthetic-host-0083,medium,Platform
endpoint_0084,user_0330,synthetic-host-0084,low,Finance
endpoint_0085,user_0176,synthetic-host-0085,low,Sales
endpoint_0086,user_0278,synthetic-host-0086,low,Platform
endpoint_0087,user_0185,synthetic-host-0087,low,Security
endpoint_0088,user_0161,synthetic-host-0088,medium,Support
endpoint_0089,user_0486,synthetic-host-0089,high,Support
endpoint_0090,user_0173,synthetic-host-0090,high,Support
endpoint_0091,user_0036,synthetic-host-0091,low,Finance
endpoint_0092,user_0190,synthetic-host-0092,medium,Sales
endpoint_0093,user_0267,synthetic-host-0093,low,Sales
endpoint_0094,user_0048,synthetic-host-0094,critical,Platform
endpoint_0095,user_0153,synthetic-host-0095,low,Support
endpoint_0096,user_0084,synthetic-host-0096,medium,Security
endpoint_0097,user_0251,synthetic-host-0097,medium,Sales
endpoint_0098,user_0362,synthetic-host-0098,medium,Platform
endpoint_0099,user_0485,synthetic-host-0099,medium,Platform
endpoint_0100,user_0195,synthetic-host-0100,high,Platform
endpoint_0101,user_0432,synthetic-host-0101,low,Security
endpoint_0102,user_0108,synthetic-host-0102,high,Support
endpoint_0103,user_0391,synthetic-host-0103,medium,Finance
endpoint_0104,user_0282,synthetic-host-0104,high,Sales
endpoint_0105,user_0380,synthetic-host-0105,high,Platform
endpoint_0106,user_0378,synthetic-host-0106,critical,Finance
endpoint_0107,user_0267,synthetic-host-0107,low,Sales
endpoint_0108,user_0129,synthetic-host-0108,medium,Sales
endpoint_0109,user_0264,synthetic-host-0109,medium,Platform
endpoint_0110,user_0414,synthetic-host-0110,medium,Finance
endpoint_0111,user_0486,synthetic-host-0111,medium,Security
endpoint_0112,user_0464,synthetic-host-0112,critical,Security
endpoint_0113,user_0091,synthetic-host-0113,critical,Platform
endpoint_0114,user_0299,synthetic-host-0114,medium,Security
endpoint_0115,user_0053,synthetic-host-0115,medium,Sales
endpoint_0116,user_0335,synthetic-host-0116,high,Platform
endpoint_0117,user_0497,synthetic-host-0117,critical,Platform
endpoint_0118,user_0027,synthetic-host-0118,low,Finance
endpoint_0119,user_0329,synthetic-host-0119,medium,Support
endpoint_0120,user_0473,synthetic-host-0120,high,Finance
endpoint_0121,user_0424,synthetic-host-0121,medium,Finance
endpoint_0122,user_0197,synthetic-host-0122,medium,Finance
endpoint_0123,user_0052,synthetic-host-0123,critical,Security
endpoint_0124,user_0462,synthetic-host-0124,critical,Support
endpoint_0125,user_0461,synthetic-host-0125,high,Security
endpoint_0126,user_0290,synthetic-host-0126,high,Platform
endpoint_0127,user_0490,synthetic-host-0127,medium,Sales
endpoint_0128,user_0003,synthetic-host-0128,medium,Finance
endpoint_0129,user_0309,synthetic-host-0129,medium,Sales
endpoint_0130,user_0020,synthetic-host-0130,medium,Finance
endpoint_0131,user_0468,synthetic-host-0131,medium,Sales
endpoint_0132,user_0341,synthetic-host-0132,medium,Sales
endpoint_0133,user_0457,synthetic-host-0133,medium,Sales
endpoint_0134,user_0282,synthetic-host-0134,high,Security
endpoint_0135,user_0042,synthetic-host-0135,medium,Platform
endpoint_0136,user_0014,synthetic-host-0136,medium,Sales
endpoint_0137,user_0168,synthetic-host-0137,low,Security
endpoint_0138,user_0372,synthetic-host-0138,low,Sales
endpoint_0139,user_0076,synthetic-host-0139,high,Finance
endpoint_0140,user_0427,synthetic-host-0140,medium,Support
endpoint_0141,user_0120,synthetic-host-0141,low,Platform
endpoint_0142,user_0249,synthetic-host-0142,high,Security
endpoint_0143,user_0102,synthetic-host-0143,medium,Platform
endpoint_0144,user_0233,synthetic-host-0144,low,Platform
endpoint_0145,user_0227,synthetic-host-0145,medium,Platform
endpoint_0146,user_0003,synthetic-host-0146,low,Finance
endpoint_0147,user_0284,synthetic-host-0147,medium,Support
endpoint_0148,user_0394,synthetic-host-0148,medium,Support
endpoint_0149,user_0469,synthetic-host-0149,low,Support
endpoint_0150,user_0166,synthetic-host-0150,low,Support
endpoint_0151,user_0441,synthetic-host-0151,medium,Support
endpoint_0152,user_0440,synthetic-host-0152,low,Platform
endpoint_0153,user_0495,synthetic-host-0153,high,Finance
endpoint_0154,user_0187,synthetic-host-0154,low,Sales
endpoint_0155,user_0426,synthetic-host-0155,medium,Security
endpoint_0156,user_0283,synthetic-host-0156,medium,Security
endpoint_0157,user_0030,synthetic-host-0157,medium,Support
endpoint_0158,user_0136,synthetic-host-0158,low,Support
endpoint_0159,user_0337,synthetic-host-0159,high,Sales
endpoint_0160,user_0081,synthetic-host-0160,high,Platform
endpoint_0161,user_0218,synthetic-host-0161,low,Finance
endpoint_0162,user_0388,synthetic-host-0162,low,Security
endpoint_0163,user_0075,synthetic-host-0163,high,Support
endpoint_0164,user_0249,synthetic-host-0164,medium,Sales
endpoint_0165,user_0108,synthetic-host-0165,low,Sales
endpoint_0166,user_0269,synthetic-host-0166,low,Sales
endpoint_0167,user_0121,synthetic-host-0167,medium,Security
endpoint_0168,user_0483,synthetic-host-0168,high,Support
endpoint_0169,user_0039,synthetic-host-0169,medium,Platform
endpoint_0170,user_0482,synthetic-host-0170,critical,Platform
endpoint_0171,user_0396,synthetic-host-0171,medium,Security
endpoint_0172,user_0428,synthetic-host-0172,medium,Platform
endpoint_0173,user_0426,synthetic-host-0173,medium,Support
endpoint_0174,user_0094,synthetic-host-0174,medium,Platform
endpoint_0175,user_0466,synthetic-host-0175,low,Sales
endpoint_0176,user_0298,synthetic-host-0176,low,Security
endpoint_0177,user_0482,synthetic-host-0177,medium,Sales
endpoint_0178,user_0440,synthetic-host-0178,high,Security
endpoint_0179,user_0290,synthetic-host-0179,low,Platform
endpoint_0180,user_0188,synthetic-host-0180,medium,Finance
endpoint_0181,user_0059,synthetic-host-0181,medium,Finance
endpoint_0182,user_0051,synthetic-host-0182,medium,Platform
endpoint_0183,user_0195,synthetic-host-0183,high,Security
endpoint_0184,user_0406,synthetic-host-0184,high,Sales
endpoint_0185,user_0253,synthetic-host-0185,high,Sales
endpoint_0186,user_0241,synthetic-host-0186,low,Sales
endpoint_0187,user_0123,synthetic-host-0187,medium,Platform
endpoint_0188,user_0283,synthetic-host-0188,medium,Security
endpoint_0189,user_0320,synthetic-host-0189,low,Platform
endpoint_0190,user_0492,synthetic-host-0190,low,Security
endpoint_0191,user_0365,synthetic-host-0191,low,Security
endpoint_0192,user_0304,synthetic-host-0192,medium,Sales
endpoint_0193,user_0456,synthetic-host-0193,medium,Support
endpoint_0194,user_0213,synthetic-host-0194,low,Security
endpoint_0195,user_0468,synthetic-host-0195,high,Sales
endpoint_0196,user_0185,synthetic-host-0196,critical,Finance
endpoint_0197,user_0064,synthetic-host-0197,low,Finance
endpoint_0198,user_0209,synthetic-host-0198,critical,Platform
endpoint_0199,user_0065,synthetic-host-0199,low,Platform
endpoint_0200,user_0060,synthetic-host-0200,critical,Security
endpoint_0201,user_0441,synthetic-host-0201,critical,Platform
endpoint_0202,user_0398,synthetic-host-0202,low,Security
endpoint_0203,user_0111,synthetic-host-0203,high,Security
endpoint_0204,user_0419,synthetic-host-0204,critical,Sales
endpoint_0205,user_0035,synthetic-host-0205,high,Security
endpoint_0206,user_0143,synthetic-host-0206,critical,Support
endpoint_0207,user_0354,synthetic-host-0207,medium,Sales
endpoint_0208,user_0152,synthetic-host-0208,low,Security
endpoint_0209,user_0366,synthetic-host-0209,high,Sales
endpoint_0210,user_0438,synthetic-host-0210,medium,Platform
endpoint_0211,user_0034,synthetic-host-0211,medium,Security
endpoint_0212,user_0012,synthetic-host-0212,medium,Support
endpoint_0213,user_0471,synthetic-host-0213,medium,Sales
endpoint_0214,user_0261,synthetic-host-0214,low,Platform
endpoint_0215,user_0254,synthetic-host-0215,high,Support
endpoint_0216,user_0232,synthetic-host-0216,low,Sales
endpoint_0217,user_0217,synthetic-host-0217,high,Finance
endpoint_0218,user_0346,synthetic-host-0218,high,Platform
endpoint_0219,user_0290,synthetic-host-0219,medium,Finance
endpoint_0220,user_0082,synthetic-host-0220,medium,Sales
endpoint_0221,user_0314,synthetic-host-0221,medium,Support
endpoint_0222,user_0335,synthetic-host-0222,critical,Sales
endpoint_0223,user_0057,synthetic-host-0223,high,Platform
endpoint_0224,user_0189,synthetic-host-0224,medium,Sales
endpoint_0225,user_0396,synthetic-host-0225,low,Security
endpoint_0226,user_0310,synthetic-host-0226,low,Security
endpoint_0227,user_0069,synthetic-host-0227,medium,Sales
endpoint_0228,user_0021,synthetic-host-0228,critical,Finance
endpoint_0229,user_0291,synthetic-host-0229,high,Sales
endpoint_0230,user_0231,synthetic-host-0230,low,Sales
endpoint_0231,user_0481,synthetic-host-0231,high,Support
endpoint_0232,user_0262,synthetic-host-0232,medium,Finance
endpoint_0233,user_0466,synthetic-host-0233,high,Support
endpoint_0234,user_0108,synthetic-host-0234,low,Sales
endpoint_0235,user_0224,synthetic-host-0235,medium,Platform
endpoint_0236,user_0070,synthetic-host-0236,critical,Sales
endpoint_0237,user_0288,synthetic-host-0237,medium,Security
endpoint_0238,user_0095,synthetic-host-0238,medium,Support
endpoint_0239,user_0247,synthetic-host-0239,critical,Security
endpoint_0240,user_0173,synthetic-host-0240,low,Finance
endpoint_0241,user_0093,synthetic-host-0241,low,Platform
endpoint_0242,user_0049,synthetic-host-0242,medium,Platform
endpoint_0243,user_0257,synthetic-host-0243,medium,Support
endpoint_0244,user_0474,synthetic-host-0244,low,Sales
endpoint_0245,user_0100,synthetic-host-0245,medium,Finance
endpoint_0246,user_0203,synthetic-host-0246,high,Finance
endpoint_0247,user_0113,synthetic-host-0247,medium,Sales
endpoint_0248,user_0405,synthetic-host-0248,medium,Security
endpoint_0249,user_0208,synthetic-host-0249,high,Support
endpoint_0250,user_0488,synthetic-host-0250,medium,Finance
endpoint_0251,user_0123,synthetic-host-0251,high,Support
endpoint_0252,user_0041,synthetic-host-0252,medium,Security
endpoint_0253,user_0292,synthetic-host-0253,critical,Finance
endpoint_0254,user_0326,synthetic-host-0254,medium,Security
endpoint_0255,user_0496,synthetic-host-0255,low,Finance
endpoint_0256,user_0436,synthetic-host-0256,high,Sales
endpoint_0257,user_0443,synthetic-host-0257,medium,Security
endpoint_0258,user_0318,synthetic-host-0258,low,Sales
endpoint_0259,user_0180,synthetic-host-0259,low,Sales
endpoint_0260,user_0215,synthetic-host-0260,medium,Finance
endpoint_0261,user_0067,synthetic-host-0261,low,Finance
endpoint_0262,user_0216,synthetic-host-0262,medium,Finance
endpoint_0263,user_0183,synthetic-host-0263,low,Finance
endpoint_0264,user_0018,synthetic-host-0264,medium,Finance
endpoint_0265,user_0103,synthetic-host-0265,medium,Security
endpoint_0266,user_0268,synthetic-host-0266,medium,Sales
endpoint_0267,user_0185,synthetic-host-0267,medium,Security
endpoint_0268,user_0497,synthetic-host-0268,low,Security
endpoint_0269,user_0240,synthetic-host-0269,medium,Sales
endpoint_0270,user_0480,synthetic-host-0270,medium,Sales
endpoint_0271,user_0331,synthetic-host-0271,medium,Security
endpoint_0272,user_0021,synthetic-host-0272,low,Security
endpoint_0273,user_0102,synthetic-host-0273,low,Sales
endpoint_0274,user_0353,synthetic-host-0274,low,Finance
endpoint_0275,user_0273,synthetic-host-0275,medium,Sales
endpoint_0276,user_0151,synthetic-host-0276,medium,Support
endpoint_0277,user_0262,synthetic-host-0277,high,Security
endpoint_0278,user_0452,synthetic-host-0278,medium,Finance
endpoint_0279,user_0195,synthetic-host-0279,medium,Platform
endpoint_0280,user_0023,synthetic-host-0280,medium,Finance
endpoint_0281,user_0156,synthetic-host-0281,low,Finance
endpoint_0282,user_0468,synthetic-host-0282,medium,Finance
endpoint_0283,user_0381,synthetic-host-0283,medium,Support
endpoint_0284,user_0419,synthetic-host-0284,medium,Support
endpoint_0285,user_0456,synthetic-host-0285,low,Sales
endpoint_0286,user_0059,synthetic-host-0286,high,Platform
endpoint_0287,user_0142,synthetic-host-0287,critical,Platform
endpoint_0288,user_0030,synthetic-host-0288,low,Platform
endpoint_0289,user_0003,synthetic-host-0289,medium,Sales
endpoint_0290,user_0418,synthetic-host-0290,high,Support
endpoint_0291,user_0469,synthetic-host-0291,medium,Platform
endpoint_0292,user_0078,synthetic-host-0292,high,Finance
endpoint_0293,user_0362,synthetic-host-0293,medium,Security
endpoint_0294,user_0268,synthetic-host-0294,critical,Support
endpoint_0295,user_0035,synthetic-host-0295,critical,Sales
endpoint_0296,user_0458,synthetic-host-0296,low,Security
endpoint_0297,user_0436,synthetic-host-0297,medium,Support
endpoint_0298,user_0284,synthetic-host-0298,medium,Platform
endpoint_0299,user_0354,synthetic-host-0299,low,Sales
endpoint_0300,user_0199,synthetic-host-0300,medium,Sales
endpoint_0301,user_0397,synthetic-host-0301,critical,Finance
endpoint_0302,user_0223,synthetic-host-0302,low,Security
endpoint_0303,user_0495,synthetic-host-0303,medium,Sales
endpoint_0304,user_0032,synthetic-host-0304,high,Support
endpoint_0305,user_0087,synthetic-host-0305,medium,Security
endpoint_0306,user_0485,synthetic-host-0306,medium,Finance
endpoint_0307,user_0145,synthetic-host-0307,critical,Sales
endpoint_0308,user_0156,synthetic-host-0308,medium,Support
endpoint_0309,user_0396,synthetic-host-0309,low,Sales
endpoint_0310,user_0095,synthetic-host-0310,low,Security
endpoint_0311,user_0257,synthetic-host-0311,critical,Platform
endpoint_0312,user_0144,synthetic-host-0312,medium,Platform
endpoint_0313,user_0099,synthetic-host-0313,medium,Security
endpoint_0314,user_0483,synthetic-host-0314,low,Support
endpoint_0315,user_0100,synthetic-host-0315,medium,Sales
endpoint_0316,user_0048,synthetic-host-0316,critical,Finance
endpoint_0317,user_0337,synthetic-host-0317,medium,Sales
endpoint_0318,user_0434,synthetic-host-0318,critical,Support
endpoint_0319,user_0064,synthetic-host-0319,medium,Security
endpoint_0320,user_0354,synthetic-host-0320,medium,Sales
endpoint_0321,user_0271,synthetic-host-0321,high,Platform
endpoint_0322,user_0416,synthetic-host-0322,medium,Platform
endpoint_0323,user_0064,synthetic-host-0323,medium,Support
endpoint_0324,user_0488,synthetic-host-0324,high,Finance
endpoint_0325,user_0310,synthetic-host-0325,medium,Sales
endpoint_0326,user_0422,synthetic-host-0326,medium,Sales
endpoint_0327,user_0181,synthetic-host-0327,critical,Finance
endpoint_0328,user_0472,synthetic-host-0328,low,Platform
endpoint_0329,user_0314,synthetic-host-0329,medium,Finance
endpoint_0330,user_0064,synthetic-host-0330,low,Sales
endpoint_0331,user_0462,synthetic-host-0331,medium,Security
endpoint_0332,user_0398,synthetic-host-0332,low,Finance
endpoint_0333,user_0151,synthetic-host-0333,medium,Support
endpoint_0334,user_0273,synthetic-host-0334,low,Security
endpoint_0335,user_0195,synthetic-host-0335,medium,Security
endpoint_0336,user_0272,synthetic-host-0336,medium,Support
endpoint_0337,user_0483,synthetic-host-0337,medium,Support
endpoint_0338,user_0450,synthetic-host-0338,medium,Finance
endpoint_0339,user_0108,synthetic-host-0339,high,Security
endpoint_0340,user_0486,synthetic-host-0340,medium,Platform
endpoint_0341,user_0219,synthetic-host-0341,medium,Platform
endpoint_0342,user_0353,synthetic-host-0342,high,Support
endpoint_0343,user_0383,synthetic-host-0343,medium,Sales
endpoint_0344,user_0242,synthetic-host-0344,low,Finance
endpoint_0345,user_0229,synthetic-host-0345,high,Support
endpoint_0346,user_0229,synthetic-host-0346,medium,Finance
endpoint_0347,user_0432,synthetic-host-0347,low,Finance
endpoint_0348,user_0194,synthetic-host-0348,medium,Platform
endpoint_0349,user_0140,synthetic-host-0349,low,Platform
endpoint_0350,user_0181,synthetic-host-0350,low,Finance
endpoint_0351,user_0098,synthetic-host-0351,high,Finance
endpoint_0352,user_0196,synthetic-host-0352,low,Sales
endpoint_0353,user_0058,synthetic-host-0353,high,Security
endpoint_0354,user_0045,synthetic-host-0354,critical,Platform
endpoint_0355,user_0362,synthetic-host-0355,medium,Sales
endpoint_0356,user_0039,synthetic-host-0356,high,Sales
endpoint_0357,user_0285,synthetic-host-0357,high,Sales
endpoint_0358,user_0390,synthetic-host-0358,critical,Security
endpoint_0359,user_0363,synthetic-host-0359,medium,Security
endpoint_0360,user_0224,synthetic-host-0360,low,Platform
endpoint_0361,user_0097,synthetic-host-0361,medium,Sales
endpoint_0362,user_0466,synthetic-host-0362,medium,Sales
endpoint_0363,user_0418,synthetic-host-0363,low,Sales
endpoint_0364,user_0307,synthetic-host-0364,medium,Security
endpoint_0365,user_0044,synthetic-host-0365,low,Support
endpoint_0366,user_0018,synthetic-host-0366,critical,Sales
endpoint_0367,user_0158,synthetic-host-0367,medium,Platform
endpoint_0368,user_0079,synthetic-host-0368,low,Support
endpoint_0369,user_0431,synthetic-host-0369,low,Support
endpoint_0370,user_0103,synthetic-host-0370,low,Platform
endpoint_0371,user_0142,synthetic-host-0371,medium,Platform
endpoint_0372,user_0488,synthetic-host-0372,low,Sales
endpoint_0373,user_0410,synthetic-host-0373,medium,Platform
endpoint_0374,user_0110,synthetic-host-0374,low,Security
endpoint_0375,user_0192,synthetic-host-0375,medium,Platform
endpoint_0376,user_0258,synthetic-host-0376,medium,Finance
endpoint_0377,user_0333,synthetic-host-0377,medium,Support
endpoint_0378,user_0469,synthetic-host-0378,medium,Security
endpoint_0379,user_0436,synthetic-host-0379,low,Platform
endpoint_0380,user_0489,synthetic-host-0380,low,Finance
endpoint_0381,user_0021,synthetic-host-0381,low,Finance
endpoint_0382,user_0119,synthetic-host-0382,high,Support
endpoint_0383,user_0282,synthetic-host-0383,critical,Support
endpoint_0384,user_0025,synthetic-host-0384,critical,Security
endpoint_0385,user_0178,synthetic-host-0385,medium,Finance
endpoint_0386,user_0077,synthetic-host-0386,medium,Support
endpoint_0387,user_0467,synthetic-host-0387,medium,Support
endpoint_0388,user_0032,synthetic-host-0388,high,Finance
endpoint_0389,user_0075,synthetic-host-0389,high,Platform
endpoint_0390,user_0098,synthetic-host-0390,high,Security
endpoint_0391,user_0075,synthetic-host-0391,high,Platform
endpoint_0392,user_0285,synthetic-host-0392,medium,Sales
endpoint_0393,user_0183,synthetic-host-0393,high,Finance
endpoint_0394,user_0457,synthetic-host-0394,high,Security
endpoint_0395,user_0131,synthetic-host-0395,medium,Sales
endpoint_0396,user_0269,synthetic-host-0396,critical,Platform
endpoint_0397,user_0331,synthetic-host-0397,low,Finance
endpoint_0398,user_0313,synthetic-host-0398,critical,Support
endpoint_0399,user_0399,synthetic-host-0399,high,Platform
endpoint_0400,user_0101,synthetic-host-0400,low,Support
endpoint_0401,user_0254,synthetic-host-0401,medium,Support
endpoint_0402,user_0401,synthetic-host-0402,low,Finance
endpoint_0403,user_0432,synthetic-host-0403,high,Finance
endpoint_0404,user_0309,synthetic-host-0404,high,Platform
endpoint_0405,user_0326,synthetic-host-0405,medium,Finance
endpoint_0406,user_0433,synthetic-host-0406,high,Finance
endpoint_0407,user_0313,synthetic-host-0407,low,Sales
endpoint_0408,user_0475,synthetic-host-0408,medium,Support
endpoint_0409,user_0064,synthetic-host-0409,medium,Platform
endpoint_0410,user_0174,synthetic-host-0410,low,Sales
endpoint_0411,user_0057,synthetic-host-0411,medium,Finance
endpoint_0412,user_0046,synthetic-host-0412,medium,Security
endpoint_0413,user_0236,synthetic-host-0413,medium,Platform
endpoint_0414,user_0113,synthetic-host-0414,medium,Finance
endpoint_0415,user_0204,synthetic-host-0415,high,Sales
endpoint_0416,user_0219,synthetic-host-0416,medium,Finance
endpoint_0417,user_0311,synthetic-host-0417,high,Security
endpoint_0418,user_0473,synthetic-host-0418,medium,Security
endpoint_0419,user_0425,synthetic-host-0419,medium,Platform
endpoint_0420,user_0190,synthetic-host-0420,medium,Support
endpoint_0421,user_0163,synthetic-host-0421,medium,Finance
endpoint_0422,user_0386,synthetic-host-0422,medium,Platform
endpoint_0423,user_0062,synthetic-host-0423,medium,Platform
endpoint_0424,user_0271,synthetic-host-0424,low,Support
endpoint_0425,user_0212,synthetic-host-0425,medium,Support
endpoint_0426,user_0092,synthetic-host-0426,medium,Finance
endpoint_0427,user_0309,synthetic-host-0427,medium,Platform
endpoint_0428,user_0161,synthetic-host-0428,high,Sales
endpoint_0429,user_0093,synthetic-host-0429,medium,Finance
endpoint_0430,user_0327,synthetic-host-0430,critical,Security
endpoint_0431,user_0088,synthetic-host-0431,high,Support
endpoint_0432,user_0337,synthetic-host-0432,critical,Sales
endpoint_0433,user_0082,synthetic-host-0433,high,Security
endpoint_0434,user_0218,synthetic-host-0434,low,Security
endpoint_0435,user_0404,synthetic-host-0435,medium,Support
endpoint_0436,user_0115,synthetic-host-0436,low,Security
endpoint_0437,user_0384,synthetic-host-0437,high,Finance
endpoint_0438,user_0361,synthetic-host-0438,medium,Sales
endpoint_0439,user_0452,synthetic-host-0439,medium,Support
endpoint_0440,user_0085,synthetic-host-0440,critical,Finance
endpoint_0441,user_0358,synthetic-host-0441,low,Security
endpoint_0442,user_0469,synthetic-host-0442,medium,Sales
endpoint_0443,user_0382,synthetic-host-0443,high,Finance
endpoint_0444,user_0094,synthetic-host-0444,low,Platform
endpoint_0445,user_0412,synthetic-host-0445,medium,Security
endpoint_0446,user_0054,synthetic-host-0446,high,Finance
endpoint_0447,user_0295,synthetic-host-0447,low,Security
endpoint_0448,user_0249,synthetic-host-0448,medium,Support
endpoint_0449,user_0266,synthetic-host-0449,medium,Support
endpoint_0450,user_0260,synthetic-host-0450,medium,Sales
endpoint_0451,user_0016,synthetic-host-0451,low,Sales
endpoint_0452,user_0255,synthetic-host-0452,critical,Support
endpoint_0453,user_0469,synthetic-host-0453,high,Finance
endpoint_0454,user_0219,synthetic-host-0454,low,Platform
endpoint_0455,user_0139,synthetic-host-0455,medium,Platform
endpoint_0456,user_0498,synthetic-host-0456,medium,Platform
endpoint_0457,user_0050,synthetic-host-0457,high,Security
endpoint_0458,user_0244,synthetic-host-0458,medium,Platform
endpoint_0459,user_0257,synthetic-host-0459,low,Platform
endpoint_0460,user_0239,synthetic-host-0460,low,Support
endpoint_0461,user_0461,synthetic-host-0461,critical,Finance
endpoint_0462,user_0211,synthetic-host-0462,medium,Platform
endpoint_0463,user_0487,synthetic-host-0463,high,Support
endpoint_0464,user_0034,synthetic-host-0464,medium,Security
endpoint_0465,user_0367,synthetic-host-0465,critical,Platform
endpoint_0466,user_0297,synthetic-host-0466,low,Finance
endpoint_0467,user_0121,synthetic-host-0467,low,Platform
endpoint_0468,user_0114,synthetic-host-0468,critical,Platform
endpoint_0469,user_0360,synthetic-host-0469,critical,Finance
endpoint_0470,user_0319,synthetic-host-0470,medium,Finance
endpoint_0471,user_0306,synthetic-host-0471,medium,Platform
endpoint_0472,user_0026,synthetic-host-0472,medium,Security
endpoint_0473,user_0299,synthetic-host-0473,medium,Sales
endpoint_0474,user_0491,synthetic-host-0474,low,Finance
endpoint_0475,user_0009,synthetic-host-0475,high,Support
endpoint_0476,user_0235,synthetic-host-0476,medium,Sales
endpoint_0477,user_0248,synthetic-host-0477,high,Support
endpoint_0478,user_0449,synthetic-host-0478,low,Finance
endpoint_0479,user_0142,synthetic-host-0479,low,Security
endpoint_0480,user_0238,synthetic-host-0480,medium,Platform
endpoint_0481,user_0359,synthetic-host-0481,medium,Platform
endpoint_0482,user_0031,synthetic-host-0482,medium,Platform
endpoint_0483,user_0401,synthetic-host-0483,low,Support
endpoint_0484,user_0412,synthetic-host-0484,critical,Support
endpoint_0485,user_0360,synthetic-host-0485,high,Finance
endpoint_0486,user_0325,synthetic-host-0486,high,Security
endpoint_0487,user_0374,synthetic-host-0487,low,Support
endpoint_0488,user_0391,synthetic-host-0488,medium,Sales
endpoint_0489,user_0452,synthetic-host-0489,medium,Support
endpoint_0490,user_0215,synthetic-host-0490,medium,Sales
endpoint_0491,user_0229,synthetic-host-0491,medium,Finance
endpoint_0492,user_0319,synthetic-host-0492,low,Sales
endpoint_0493,user_0097,synthetic-host-0493,medium,Support
endpoint_0494,user_0429,synthetic-host-0494,medium,Platform
endpoint_0495,user_0386,synthetic-host-0495,medium,Finance
endpoint_0496,user_0316,synthetic-host-0496,low,Security
endpoint_0497,user_0151,synthetic-host-0497,medium,Support
endpoint_0498,user_0174,synthetic-host-0498,medium,Support
endpoint_0499,user_0218,synthetic-host-0499,medium,Platform
endpoint_0500,user_0332,synthetic-host-0500,medium,Finance
endpoint_0501,user_0390,synthetic-host-0501,medium,Platform
endpoint_0502,user_0336,synthetic-host-0502,high,Support
endpoint_0503,user_0465,synthetic-host-0503,medium,Platform
endpoint_0504,user_0481,synthetic-host-0504,medium,Sales
endpoint_0505,user_0353,synthetic-host-0505,critical,Sales
endpoint_0506,user_0186,synthetic-host-0506,medium,Security
endpoint_0507,user_0300,synthetic-host-0507,high,Security
endpoint_0508,user_0213,synthetic-host-0508,high,Platform
endpoint_0509,user_0315,synthetic-host-0509,low,Finance
endpoint_0510,user_0407,synthetic-host-0510,medium,Finance
endpoint_0511,user_0185,synthetic-host-0511,medium,Security
endpoint_0512,user_0253,synthetic-host-0512,critical,Platform
endpoint_0513,user_0023,synthetic-host-0513,medium,Platform
endpoint_0514,user_0369,synthetic-host-0514,low,Sales
endpoint_0515,user_0245,synthetic-host-0515,medium,Sales
endpoint_0516,user_0230,synthetic-host-0516,low,Finance
endpoint_0517,user_0267,synthetic-host-0517,high,Security
endpoint_0518,user_0108,synthetic-host-0518,medium,Finance
endpoint_0519,user_0299,synthetic-host-0519,high,Platform
endpoint_0520,user_0373,synthetic-host-0520,high,Platform
endpoint_0521,user_0175,synthetic-host-0521,medium,Security
endpoint_0522,user_0066,synthetic-host-0522,medium,Security
endpoint_0523,user_0194,synthetic-host-0523,high,Security
endpoint_0524,user_0100,synthetic-host-0524,high,Support
endpoint_0525,user_0187,synthetic-host-0525,high,Sales
endpoint_0526,user_0314,synthetic-host-0526,low,Platform
endpoint_0527,user_0057,synthetic-host-0527,medium,Sales
endpoint_0528,user_0374,synthetic-host-0528,low,Platform
endpoint_0529,user_0113,synthetic-host-0529,high,Sales
endpoint_0530,user_0448,synthetic-host-0530,medium,Security
endpoint_0531,user_0367,synthetic-host-0531,medium,Support
endpoint_0532,user_0137,synthetic-host-0532,low,Platform
endpoint_0533,user_0282,synthetic-host-0533,medium,Platform
endpoint_0534,user_0056,synthetic-host-0534,high,Support
endpoint_0535,user_0050,synthetic-host-0535,low,Security
endpoint_0536,user_0479,synthetic-host-0536,low,Finance
endpoint_0537,user_0402,synthetic-host-0537,high,Sales
endpoint_0538,user_0078,synthetic-host-0538,high,Security
endpoint_0539,user_0142,synthetic-host-0539,low,Sales
endpoint_0540,user_0099,synthetic-host-0540,medium,Security
endpoint_0541,user_0198,synthetic-host-0541,critical,Security
endpoint_0542,user_0146,synthetic-host-0542,high,Security
endpoint_0543,user_0165,synthetic-host-0543,medium,Security
endpoint_0544,user_0265,synthetic-host-0544,medium,Platform
endpoint_0545,user_0095,synthetic-host-0545,medium,Sales
endpoint_0546,user_0442,synthetic-host-0546,low,Sales
endpoint_0547,user_0364,synthetic-host-0547,high,Finance
endpoint_0548,user_0381,synthetic-host-0548,low,Sales
endpoint_0549,user_0085,synthetic-host-0549,low,Finance
endpoint_0550,user_0355,synthetic-host-0550,high,Security
endpoint_0551,user_0419,synthetic-host-0551,critical,Sales
endpoint_0552,user_0088,synthetic-host-0552,high,Finance
endpoint_0553,user_0376,synthetic-host-0553,medium,Security
endpoint_0554,user_0179,synthetic-host-0554,medium,Security
endpoint_0555,user_0394,synthetic-host-0555,medium,Support
endpoint_0556,user_0240,synthetic-host-0556,medium,Support
endpoint_0557,user_0402,synthetic-host-0557,medium,Finance
endpoint_0558,user_0074,synthetic-host-0558,medium,Platform
endpoint_0559,user_0195,synthetic-host-0559,medium,Platform
endpoint_0560,user_0137,synthetic-host-0560,high,Security
endpoint_0561,user_0125,synthetic-host-0561,critical,Sales
endpoint_0562,user_0155,synthetic-host-0562,low,Platform
endpoint_0563,user_0192,synthetic-host-0563,medium,Security
endpoint_0564,user_0064,synthetic-host-0564,low,Finance
endpoint_0565,user_0354,synthetic-host-0565,medium,Security
endpoint_0566,user_0276,synthetic-host-0566,medium,Security
endpoint_0567,user_0415,synthetic-host-0567,low,Security
endpoint_0568,user_0353,synthetic-host-0568,high,Security
endpoint_0569,user_0075,synthetic-host-0569,medium,Finance
endpoint_0570,user_0035,synthetic-host-0570,high,Support
endpoint_0571,user_0212,synthetic-host-0571,low,Finance
endpoint_0572,user_0241,synthetic-host-0572,low,Platform
endpoint_0573,user_0121,synthetic-host-0573,medium,Platform
endpoint_0574,user_0392,synthetic-host-0574,low,Platform
endpoint_0575,user_0291,synthetic-host-0575,medium,Support
endpoint_0576,user_0374,synthetic-host-0576,critical,Finance
endpoint_0577,user_0055,synthetic-host-0577,low,Security
endpoint_0578,user_0408,synthetic-host-0578,low,Finance
endpoint_0579,user_0104,synthetic-host-0579,medium,Sales
endpoint_0580,user_0225,synthetic-host-0580,medium,Platform
endpoint_0581,user_0220,synthetic-host-0581,medium,Support
endpoint_0582,user_0411,synthetic-host-0582,medium,Security
endpoint_0583,user_0139,synthetic-host-0583,high,Security
endpoint_0584,user_0121,synthetic-host-0584,low,Support
endpoint_0585,user_0170,synthetic-host-0585,medium,Platform
endpoint_0586,user_0181,synthetic-host-0586,medium,Platform
endpoint_0587,user_0091,synthetic-host-0587,high,Sales
endpoint_0588,user_0089,synthetic-host-0588,medium,Sales
endpoint_0589,user_0116,synthetic-host-0589,medium,Security
endpoint_0590,user_0234,synthetic-host-0590,low,Platform
endpoint_0591,user_0172,synthetic-host-0591,low,Security
endpoint_0592,user_0197,synthetic-host-0592,low,Support
endpoint_0593,user_0360,synthetic-host-0593,high,Finance
endpoint_0594,user_0121,synthetic-host-0594,medium,Sales
endpoint_0595,user_0455,synthetic-host-0595,high,Security
endpoint_0596,user_0376,synthetic-host-0596,low,Platform
endpoint_0597,user_0088,synthetic-host-0597,high,Platform
endpoint_0598,user_0157,synthetic-host-0598,high,Support
endpoint_0599,user_0092,synthetic-host-0599,low,Platform
endpoint_0600,user_0137,synthetic-host-0600,low,Security
endpoint_0601,user_0183,synthetic-host-0601,low,Security
endpoint_0602,user_0066,synthetic-host-0602,high,Support
endpoint_0603,user_0008,synthetic-host-0603,low,Sales
endpoint_0604,user_0220,synthetic-host-0604,medium,Finance
endpoint_0605,user_0351,synthetic-host-0605,medium,Support
endpoint_0606,user_0152,synthetic-host-0606,high,Platform
endpoint_0607,user_0431,synthetic-host-0607,medium,Finance
endpoint_0608,user_0185,synthetic-host-0608,medium,Platform
endpoint_0609,user_0451,synthetic-host-0609,critical,Platform
endpoint_0610,user_0118,synthetic-host-0610,low,Platform
endpoint_0611,user_0270,synthetic-host-0611,high,Support
endpoint_0612,user_0382,synthetic-host-0612,low,Sales
endpoint_0613,user_0030,synthetic-host-0613,medium,Sales
endpoint_0614,user_0466,synthetic-host-0614,high,Platform
endpoint_0615,user_0183,synthetic-host-0615,medium,Finance
endpoint_0616,user_0249,synthetic-host-0616,medium,Finance
endpoint_0617,user_0315,synthetic-host-0617,medium,Support
endpoint_0618,user_0322,synthetic-host-0618,medium,Security
endpoint_0619,user_0012,synthetic-host-0619,medium,Sales
endpoint_0620,user_0434,synthetic-host-0620,medium,Security
endpoint_0621,user_0312,synthetic-host-0621,medium,Security
endpoint_0622,user_0500,synthetic-host-0622,medium,Sales
endpoint_0623,user_0236,synthetic-host-0623,medium,Support
endpoint_0624,user_0307,synthetic-host-0624,medium,Sales
endpoint_0625,user_0221,synthetic-host-0625,medium,Finance
endpoint_0626,user_0445,synthetic-host-0626,low,Security
endpoint_0627,user_0417,synthetic-host-0627,high,Finance
endpoint_0628,user_0455,synthetic-host-0628,medium,Support
endpoint_0629,user_0253,synthetic-host-0629,low,Security
endpoint_0630,user_0396,synthetic-host-0630,medium,Security
endpoint_0631,user_0180,synthetic-host-0631,high,Finance
endpoint_0632,user_0231,synthetic-host-0632,low,Sales
endpoint_0633,user_0381,synthetic-host-0633,low,Support
endpoint_0634,user_0041,synthetic-host-0634,low,Sales
endpoint_0635,user_0356,synthetic-host-0635,low,Platform
endpoint_0636,user_0008,synthetic-host-0636,high,Finance
endpoint_0637,user_0291,synthetic-host-0637,critical,Finance
endpoint_0638,user_0239,synthetic-host-0638,low,Platform
endpoint_0639,user_0235,synthetic-host-0639,high,Finance
endpoint_0640,user_0248,synthetic-host-0640,low,Sales
endpoint_0641,user_0246,synthetic-host-0641,medium,Security
endpoint_0642,user_0204,synthetic-host-0642,high,Finance
endpoint_0643,user_0226,synthetic-host-0643,medium,Sales
endpoint_0644,user_0285,synthetic-host-0644,low,Support
endpoint_0645,user_0382,synthetic-host-0645,medium,Finance
endpoint_0646,user_0277,synthetic-host-0646,critical,Support
endpoint_0647,user_0322,synthetic-host-0647,medium,Sales
endpoint_0648,user_0419,synthetic-host-0648,low,Platform
endpoint_0649,user_0495,synthetic-host-0649,low,Finance
endpoint_0650,user_0055,synthetic-host-0650,medium,Support
endpoint_0651,user_0357,synthetic-host-0651,medium,Finance
endpoint_0652,user_0113,synthetic-host-0652,high,Support
endpoint_0653,user_0099,synthetic-host-0653,high,Platform
endpoint_0654,user_0397,synthetic-host-0654,high,Security
endpoint_0655,user_0035,synthetic-host-0655,high,Finance
endpoint_0656,user_0424,synthetic-host-0656,low,Platform
endpoint_0657,user_0386,synthetic-host-0657,medium,Finance
endpoint_0658,user_0498,synthetic-host-0658,medium,Platform
endpoint_0659,user_0334,synthetic-host-0659,medium,Platform
endpoint_0660,user_0437,synthetic-host-0660,critical,Security
endpoint_0661,user_0060,synthetic-host-0661,medium,Security
endpoint_0662,user_0445,synthetic-host-0662,critical,Security
endpoint_0663,user_0081,synthetic-host-0663,medium,Security
endpoint_0664,user_0158,synthetic-host-0664,medium,Finance
endpoint_0665,user_0065,synthetic-host-0665,medium,Security
endpoint_0666,user_0201,synthetic-host-0666,low,Platform
endpoint_0667,user_0375,synthetic-host-0667,low,Security
endpoint_0668,user_0135,synthetic-host-0668,medium,Platform
endpoint_0669,user_0412,synthetic-host-0669,low,Support
endpoint_0670,user_0304,synthetic-host-0670,critical,Platform
endpoint_0671,user_0315,synthetic-host-0671,low,Sales
endpoint_0672,user_0470,synthetic-host-0672,low,Security
endpoint_0673,user_0216,synthetic-host-0673,high,Support
endpoint_0674,user_0173,synthetic-host-0674,low,Security
endpoint_0675,user_0498,synthetic-host-0675,high,Sales
endpoint_0676,user_0279,synthetic-host-0676,high,Sales
endpoint_0677,user_0308,synthetic-host-0677,low,Platform
endpoint_0678,user_0149,synthetic-host-0678,medium,Sales
endpoint_0679,user_0108,synthetic-host-0679,medium,Platform
endpoint_0680,user_0085,synthetic-host-0680,high,Support
endpoint_0681,user_0112,synthetic-host-0681,high,Security
endpoint_0682,user_0098,synthetic-host-0682,high,Support
endpoint_0683,user_0374,synthetic-host-0683,medium,Finance
endpoint_0684,user_0029,synthetic-host-0684,medium,Support
endpoint_0685,user_0315,synthetic-host-0685,medium,Finance
endpoint_0686,user_0475,synthetic-host-0686,critical,Support
endpoint_0687,user_0383,synthetic-host-0687,medium,Security
endpoint_0688,user_0202,synthetic-host-0688,medium,Support
endpoint_0689,user_0030,synthetic-host-0689,medium,Finance
endpoint_0690,user_0418,synthetic-host-0690,high,Sales
endpoint_0691,user_0002,synthetic-host-0691,critical,Support
endpoint_0692,user_0341,synthetic-host-0692,low,Finance
endpoint_0693,user_0336,synthetic-host-0693,low,Security
endpoint_0694,user_0096,synthetic-host-0694,medium,Finance
endpoint_0695,user_0370,synthetic-host-0695,medium,Security
endpoint_0696,user_0088,synthetic-host-0696,medium,Security
endpoint_0697,user_0113,synthetic-host-0697,low,Platform
endpoint_0698,user_0406,synthetic-host-0698,medium,Security
endpoint_0699,user_0490,synthetic-host-0699,medium,Finance
endpoint_0700,user_0133,synthetic-host-0700,medium,Finance
endpoint_0701,user_0461,synthetic-host-0701,medium,Support
endpoint_0702,user_0457,synthetic-host-0702,high,Support
endpoint_0703,user_0385,synthetic-host-0703,medium,Security
endpoint_0704,user_0071,synthetic-host-0704,high,Finance
endpoint_0705,user_0150,synthetic-host-0705,medium,Finance
endpoint_0706,user_0339,synthetic-host-0706,medium,Support
endpoint_0707,user_0500,synthetic-host-0707,medium,Platform
endpoint_0708,user_0408,synthetic-host-0708,low,Platform
endpoint_0709,user_0211,synthetic-host-0709,medium,Security
endpoint_0710,user_0118,synthetic-host-0710,medium,Platform
endpoint_0711,user_0481,synthetic-host-0711,high,Finance
endpoint_0712,user_0139,synthetic-host-0712,medium,Platform
endpoint_0713,user_0172,synthetic-host-0713,low,Sales
endpoint_0714,user_0483,synthetic-host-0714,medium,Security
endpoint_0715,user_0281,synthetic-host-0715,low,Platform
endpoint_0716,user_0133,synthetic-host-0716,high,Platform
endpoint_0717,user_0003,synthetic-host-0717,high,Sales
endpoint_0718,user_0215,synthetic-host-0718,medium,Finance
endpoint_0719,user_0494,synthetic-host-0719,medium,Finance
endpoint_0720,user_0217,synthetic-host-0720,medium,Support
endpoint_0721,user_0350,synthetic-host-0721,medium,Security
endpoint_0722,user_0127,synthetic-host-0722,high,Security
endpoint_0723,user_0388,synthetic-host-0723,high,Platform
endpoint_0724,user_0388,synthetic-host-0724,medium,Security
endpoint_0725,user_0305,synthetic-host-0725,medium,Security
endpoint_0726,user_0386,synthetic-host-0726,low,Platform
endpoint_0727,user_0290,synthetic-host-0727,low,Sales
endpoint_0728,user_0190,synthetic-host-0728,low,Platform
endpoint_0729,user_0369,synthetic-host-0729,medium,Finance
endpoint_0730,user_0418,synthetic-host-0730,critical,Sales
endpoint_0731,user_0421,synthetic-host-0731,medium,Sales
endpoint_0732,user_0107,synthetic-host-0732,low,Platform
endpoint_0733,user_0339,synthetic-host-0733,low,Finance
endpoint_0734,user_0003,synthetic-host-0734,medium,Finance
endpoint_0735,user_0286,synthetic-host-0735,high,Platform
endpoint_0736,user_0286,synthetic-host-0736,medium,Platform
endpoint_0737,user_0182,synthetic-host-0737,high,Support
endpoint_0738,user_0498,synthetic-host-0738,high,Security
endpoint_0739,user_0442,synthetic-host-0739,low,Support
endpoint_0740,user_0020,synthetic-host-0740,medium,Security
endpoint_0741,user_0105,synthetic-host-0741,critical,Platform
endpoint_0742,user_0104,synthetic-host-0742,medium,Finance
endpoint_0743,user_0449,synthetic-host-0743,low,Support
endpoint_0744,user_0260,synthetic-host-0744,critical,Security
endpoint_0745,user_0365,synthetic-host-0745,high,Support
endpoint_0746,user_0405,synthetic-host-0746,medium,Security
endpoint_0747,user_0384,synthetic-host-0747,medium,Platform
endpoint_0748,user_0045,synthetic-host-0748,low,Sales
endpoint_0749,user_0071,synthetic-host-0749,high,Finance
endpoint_0750,user_0198,synthetic-host-0750,medium,Finance
endpoint_0751,user_0170,synthetic-host-0751,low,Platform
endpoint_0752,user_0374,synthetic-host-0752,medium,Finance
endpoint_0753,user_0079,synthetic-host-0753,critical,Security
endpoint_0754,user_0186,synthetic-host-0754,high,Sales
endpoint_0755,user_0119,synthetic-host-0755,medium,Security
endpoint_0756,user_0095,synthetic-host-0756,low,Finance
endpoint_0757,user_0087,synthetic-host-0757,critical,Platform
endpoint_0758,user_0098,synthetic-host-0758,critical,Platform
endpoint_0759,user_0283,synthetic-host-0759,medium,Platform
endpoint_0760,user_0206,synthetic-host-0760,medium,Support
endpoint_0761,user_0218,synthetic-host-0761,medium,Finance
endpoint_0762,user_0240,synthetic-host-0762,medium,Sales
endpoint_0763,user_0371,synthetic-host-0763,low,Security
endpoint_0764,user_0431,synthetic-host-0764,low,Support
endpoint_0765,user_0264,synthetic-host-0765,low,Sales
endpoint_0766,user_0322,synthetic-host-0766,high,Finance
endpoint_0767,user_0370,synthetic-host-0767,low,Platform
endpoint_0768,user_0346,synthetic-host-0768,low,Finance
endpoint_0769,user_0068,synthetic-host-0769,medium,Security
endpoint_0770,user_0492,synthetic-host-0770,low,Platform
endpoint_0771,user_0083,synthetic-host-0771,low,Sales
endpoint_0772,user_0206,synthetic-host-0772,medium,Platform
endpoint_0773,user_0327,synthetic-host-0773,medium,Sales
endpoint_0774,user_0202,synthetic-host-0774,medium,Support
endpoint_0775,user_0122,synthetic-host-0775,high,Sales
endpoint_0776,user_0462,synthetic-host-0776,low,Finance
endpoint_0777,user_0036,synthetic-host-0777,high,Finance
endpoint_0778,user_0123,synthetic-host-0778,high,Platform
endpoint_0779,user_0497,synthetic-host-0779,high,Finance
endpoint_0780,user_0365,synthetic-host-0780,medium,Security
endpoint_0781,user_0044,synthetic-host-0781,medium,Finance
endpoint_0782,user_0378,synthetic-host-0782,medium,Security
endpoint_0783,user_0485,synthetic-host-0783,medium,Sales
endpoint_0784,user_0049,synthetic-host-0784,low,Finance
endpoint_0785,user_0208,synthetic-host-0785,critical,Sales
endpoint_0786,user_0235,synthetic-host-0786,medium,Support
endpoint_0787,user_0066,synthetic-host-0787,high,Finance
endpoint_0788,user_0101,synthetic-host-0788,medium,Finance
endpoint_0789,user_0087,synthetic-host-0789,low,Security
endpoint_0790,user_0093,synthetic-host-0790,medium,Support
endpoint_0791,user_0202,synthetic-host-0791,medium,Sales
endpoint_0792,user_0232,synthetic-host-0792,medium,Platform
endpoint_0793,user_0119,synthetic-host-0793,medium,Finance
endpoint_0794,user_0145,synthetic-host-0794,low,Platform
endpoint_0795,user_0097,synthetic-host-0795,medium,Finance
endpoint_0796,user_0399,synthetic-host-0796,medium,Platform
endpoint_0797,user_0106,synthetic-host-0797,critical,Finance
endpoint_0798,user_0454,synthetic-host-0798,low,Support
endpoint_0799,user_0270,synthetic-host-0799,medium,Security
endpoint_0800,user_0402,synthetic-host-0800,medium,Finance
endpoint_0801,user_0319,synthetic-host-0801,medium,Security
endpoint_0802,user_0134,synthetic-host-0802,medium,Finance
endpoint_0803,user_0301,synthetic-host-0803,medium,Finance
endpoint_0804,user_0138,synthetic-host-0804,critical,Sales
endpoint_0805,user_0060,synthetic-host-0805,medium,Security
endpoint_0806,user_0128,synthetic-host-0806,medium,Security
endpoint_0807,user_0138,synthetic-host-0807,low,Support
endpoint_0808,user_0068,synthetic-host-0808,medium,Finance
endpoint_0809,user_0012,synthetic-host-0809,medium,Security
endpoint_0810,user_0472,synthetic-host-0810,low,Finance
endpoint_0811,user_0257,synthetic-host-0811,medium,Sales
endpoint_0812,user_0202,synthetic-host-0812,medium,Security
endpoint_0813,user_0465,synthetic-host-0813,high,Finance
endpoint_0814,user_0113,synthetic-host-0814,medium,Finance
endpoint_0815,user_0202,synthetic-host-0815,medium,Support
endpoint_0816,user_0424,synthetic-host-0816,medium,Finance
endpoint_0817,user_0317,synthetic-host-0817,low,Platform
endpoint_0818,user_0200,synthetic-host-0818,low,Support
endpoint_0819,user_0128,synthetic-host-0819,medium,Sales
endpoint_0820,user_0018,synthetic-host-0820,critical,Security
endpoint_0821,user_0043,synthetic-host-0821,low,Platform
endpoint_0822,user_0081,synthetic-host-0822,medium,Support
endpoint_0823,user_0394,synthetic-host-0823,high,Finance
endpoint_0824,user_0320,synthetic-host-0824,high,Support
endpoint_0825,user_0217,synthetic-host-0825,medium,Support
endpoint_0826,user_0392,synthetic-host-0826,medium,Finance
endpoint_0827,user_0081,synthetic-host-0827,medium,Finance
endpoint_0828,user_0106,synthetic-host-0828,high,Platform
endpoint_0829,user_0197,synthetic-host-0829,low,Finance
endpoint_0830,user_0459,synthetic-host-0830,critical,Platform
endpoint_0831,user_0308,synthetic-host-0831,low,Finance
endpoint_0832,user_0426,synthetic-host-0832,high,Platform
endpoint_0833,user_0125,synthetic-host-0833,low,Security
endpoint_0834,user_0425,synthetic-host-0834,low,Finance
endpoint_0835,user_0037,synthetic-host-0835,low,Finance
endpoint_0836,user_0114,synthetic-host-0836,medium,Finance
endpoint_0837,user_0262,synthetic-host-0837,medium,Sales
endpoint_0838,user_0026,synthetic-host-0838,low,Finance
endpoint_0839,user_0430,synthetic-host-0839,medium,Support
endpoint_0840,user_0434,synthetic-host-0840,medium,Platform
endpoint_0841,user_0271,synthetic-host-0841,high,Security
endpoint_0842,user_0153,synthetic-host-0842,high,Support
endpoint_0843,user_0050,synthetic-host-0843,medium,Platform
endpoint_0844,user_0310,synthetic-host-0844,low,Platform
endpoint_0845,user_0269,synthetic-host-0845,medium,Finance
endpoint_0846,user_0380,synthetic-host-0846,high,Platform
endpoint_0847,user_0302,synthetic-host-0847,low,Sales
endpoint_0848,user_0065,synthetic-host-0848,medium,Support
endpoint_0849,user_0061,synthetic-host-0849,critical,Sales
endpoint_0850,user_0391,synthetic-host-0850,critical,Platform
endpoint_0851,user_0080,synthetic-host-0851,medium,Security
endpoint_0852,user_0470,synthetic-host-0852,medium,Finance
endpoint_0853,user_0053,synthetic-host-0853,medium,Finance
endpoint_0854,user_0365,synthetic-host-0854,high,Support
endpoint_0855,user_0488,synthetic-host-0855,low,Platform
endpoint_0856,user_0221,synthetic-host-0856,low,Security
endpoint_0857,user_0029,synthetic-host-0857,medium,Platform
endpoint_0858,user_0439,synthetic-host-0858,low,Finance
endpoint_0859,user_0094,synthetic-host-0859,medium,Finance
endpoint_0860,user_0264,synthetic-host-0860,medium,Sales
endpoint_0861,user_0493,synthetic-host-0861,high,Platform
endpoint_0862,user_0373,synthetic-host-0862,high,Support
endpoint_0863,user_0024,synthetic-host-0863,medium,Platform
endpoint_0864,user_0411,synthetic-host-0864,high,Security
endpoint_0865,user_0081,synthetic-host-0865,medium,Support
endpoint_0866,user_0375,synthetic-host-0866,medium,Sales
endpoint_0867,user_0311,synthetic-host-0867,low,Support
endpoint_0868,user_0144,synthetic-host-0868,high,Finance
endpoint_0869,user_0212,synthetic-host-0869,high,Finance
endpoint_0870,user_0059,synthetic-host-0870,high,Finance
endpoint_0871,user_0494,synthetic-host-0871,high,Support
endpoint_0872,user_0120,synthetic-host-0872,critical,Finance
endpoint_0873,user_0155,synthetic-host-0873,low,Support
endpoint_0874,user_0252,synthetic-host-0874,critical,Platform
endpoint_0875,user_0337,synthetic-host-0875,medium,Finance
endpoint_0876,user_0253,synthetic-host-0876,medium,Support
endpoint_0877,user_0253,synthetic-host-0877,medium,Finance
endpoint_0878,user_0292,synthetic-host-0878,medium,Finance
endpoint_0879,user_0429,synthetic-host-0879,medium,Sales
endpoint_0880,user_0198,synthetic-host-0880,low,Security
endpoint_0881,user_0417,synthetic-host-0881,low,Security
endpoint_0882,user_0394,synthetic-host-0882,medium,Finance
endpoint_0883,user_0481,synthetic-host-0883,high,Platform
endpoint_0884,user_0457,synthetic-host-0884,medium,Finance
endpoint_0885,user_0400,synthetic-host-0885,medium,Security
endpoint_0886,user_0124,synthetic-host-0886,medium,Sales
endpoint_0887,user_0388,synthetic-host-0887,medium,Sales
endpoint_0888,user_0369,synthetic-host-0888,low,Platform
endpoint_0889,user_0145,synthetic-host-0889,high,Security
endpoint_0890,user_0339,synthetic-host-0890,low,Platform
endpoint_0891,user_0127,synthetic-host-0891,high,Platform
endpoint_0892,user_0262,synthetic-host-0892,high,Security
endpoint_0893,user_0399,synthetic-host-0893,medium,Security
endpoint_0894,user_0095,synthetic-host-0894,high,Sales
endpoint_0895,user_0169,synthetic-host-0895,medium,Sales
endpoint_0896,user_0398,synthetic-host-0896,high,Finance
endpoint_0897,user_0227,synthetic-host-0897,high,Sales
endpoint_0898,user_0481,synthetic-host-0898,high,Finance
endpoint_0899,user_0004,synthetic-host-0899,medium,Sales
endpoint_0900,user_0361,synthetic-host-0900,high,Support
endpoint_0901,user_0408,synthetic-host-0901,critical,Sales
endpoint_0902,user_0459,synthetic-host-0902,medium,Platform
endpoint_0903,user_0079,synthetic-host-0903,high,Security
endpoint_0904,user_0493,synthetic-host-0904,high,Support
endpoint_0905,user_0197,synthetic-host-0905,medium,Support
endpoint_0906,user_0177,synthetic-host-0906,critical,Support
endpoint_0907,user_0178,synthetic-host-0907,medium,Platform
endpoint_0908,user_0320,synthetic-host-0908,medium,Platform
endpoint_0909,user_0330,synthetic-host-0909,low,Sales
endpoint_0910,user_0237,synthetic-host-0910,low,Support
endpoint_0911,user_0036,synthetic-host-0911,high,Support
endpoint_0912,user_0494,synthetic-host-0912,medium,Sales
endpoint_0913,user_0112,synthetic-host-0913,medium,Finance
endpoint_0914,user_0047,synthetic-host-0914,low,Finance
endpoint_0915,user_0299,synthetic-host-0915,medium,Security
endpoint_0916,user_0207,synthetic-host-0916,high,Finance
endpoint_0917,user_0308,synthetic-host-0917,high,Security
endpoint_0918,user_0438,synthetic-host-0918,low,Finance
endpoint_0919,user_0049,synthetic-host-0919,medium,Support
endpoint_0920,user_0143,synthetic-host-0920,medium,Finance
endpoint_0921,user_0259,synthetic-host-0921,medium,Platform
endpoint_0922,user_0394,synthetic-host-0922,medium,Security
endpoint_0923,user_0301,synthetic-host-0923,medium,Finance
endpoint_0924,user_0192,synthetic-host-0924,medium,Platform
endpoint_0925,user_0306,synthetic-host-0925,medium,Support
endpoint_0926,user_0490,synthetic-host-0926,medium,Platform
endpoint_0927,user_0241,synthetic-host-0927,medium,Support
endpoint_0928,user_0442,synthetic-host-0928,high,Sales
endpoint_0929,user_0390,synthetic-host-0929,high,Platform
endpoint_0930,user_0151,synthetic-host-0930,medium,Finance
endpoint_0931,user_0125,synthetic-host-0931,high,Support
endpoint_0932,user_0386,synthetic-host-0932,high,Platform
endpoint_0933,user_0104,synthetic-host-0933,low,Security
endpoint_0934,user_0169,synthetic-host-0934,medium,Security
endpoint_0935,user_0118,synthetic-host-0935,medium,Platform
endpoint_0936,user_0304,synthetic-host-0936,high,Finance
endpoint_0937,user_0148,synthetic-host-0937,low,Support
endpoint_0938,user_0330,synthetic-host-0938,medium,Security
endpoint_0939,user_0468,synthetic-host-0939,medium,Finance
endpoint_0940,user_0415,synthetic-host-0940,medium,Security
endpoint_0941,user_0474,synthetic-host-0941,critical,Support
endpoint_0942,user_0013,synthetic-host-0942,medium,Security
endpoint_0943,user_0228,synthetic-host-0943,high,Sales
endpoint_0944,user_0111,synthetic-host-0944,critical,Support
endpoint_0945,user_0459,synthetic-host-0945,high,Finance
endpoint_0946,user_0356,synthetic-host-0946,low,Platform
endpoint_0947,user_0161,synthetic-host-0947,high,Security
endpoint_0948,user_0282,synthetic-host-0948,low,Platform
endpoint_0949,user_0303,synthetic-host-0949,medium,Finance
endpoint_0950,user_0248,synthetic-host-0950,high,Finance
endpoint_0951,user_0238,synthetic-host-0951,medium,Platform
endpoint_0952,user_0028,synthetic-host-0952,medium,Support
endpoint_0953,user_0227,synthetic-host-0953,medium,Support
endpoint_0954,user_0175,synthetic-host-0954,high,Platform
endpoint_0955,user_0410,synthetic-host-0955,high,Sales
endpoint_0956,user_0433,synthetic-host-0956,medium,Finance
endpoint_0957,user_0376,synthetic-host-0957,high,Security
endpoint_0958,user_0016,synthetic-host-0958,low,Platform
endpoint_0959,user_0421,synthetic-host-0959,low,Security
endpoint_0960,user_0199,synthetic-host-0960,medium,Sales
endpoint_0961,user_0209,synthetic-host-0961,critical,Finance
endpoint_0962,user_0473,synthetic-host-0962,low,Sales
endpoint_0963,user_0434,synthetic-host-0963,low,Security
endpoint_0964,user_0026,synthetic-host-0964,low,Finance
endpoint_0965,user_0180,synthetic-host-0965,high,Finance
endpoint_0966,user_0375,synthetic-host-0966,low,Sales
endpoint_0967,user_0270,synthetic-host-0967,medium,Security
endpoint_0968,user_0129,synthetic-host-0968,critical,Finance
endpoint_0969,user_0263,synthetic-host-0969,low,Sales
endpoint_0970,user_0434,synthetic-host-0970,medium,Finance
endpoint_0971,user_0112,synthetic-host-0971,medium,Finance
endpoint_0972,user_0374,synthetic-host-0972,high,Finance
endpoint_0973,user_0368,synthetic-host-0973,medium,Sales
endpoint_0974,user_0443,synthetic-host-0974,medium,Support
endpoint_0975,user_0149,synthetic-host-0975,low,Security
endpoint_0976,user_0108,synthetic-host-0976,high,Security
endpoint_0977,user_0274,synthetic-host-0977,high,Security
endpoint_0978,user_0266,synthetic-host-0978,low,Security
endpoint_0979,user_0205,synthetic-host-0979,medium,Platform
endpoint_0980,user_0390,synthetic-host-0980,high,Security
endpoint_0981,user_0400,synthetic-host-0981,low,Platform
endpoint_0982,user_0123,synthetic-host-0982,medium,Support
endpoint_0983,user_0398,synthetic-host-0983,medium,Support
endpoint_0984,user_0116,synthetic-host-0984,medium,Sales
endpoint_0985,user_0204,synthetic-host-0985,medium,Platform
endpoint_0986,user_0014,synthetic-host-0986,medium,Support
endpoint_0987,user_0171,synthetic-host-0987,low,Platform
endpoint_0988,user_0480,synthetic-host-0988,medium,Security
endpoint_0989,user_0222,synthetic-host-0989,high,Finance
endpoint_0990,user_0356,synthetic-host-0990,medium,Finance
endpoint_0991,user_0054,synthetic-host-0991,low,Support
endpoint_0992,user_0318,synthetic-host-0992,high,Sales
endpoint_0993,user_0186,synthetic-host-0993,low,Security
endpoint_0994,user_0372,synthetic-host-0994,high,Security
endpoint_0995,user_0465,synthetic-host-0995,medium,Security
endpoint_0996,user_0266,synthetic-host-0996,high,Support
endpoint_0997,user_0052,synthetic-host-0997,low,Platform
endpoint_0998,user_0239,synthetic-host-0998,low,Support
endpoint_0999,user_0062,synthetic-host-0999,medium,Security
endpoint_1000,user_0225,synthetic-host-1000,low,Sales
